Id,Date,TotalSteps,TotalDistance,SedentaryMinutes,TotalActiveMinutes,Calories
6117666160,2016-04-21,19542,15.0100002288818,579,324,4900
5577150313,2016-04-177,12231,9.14000034332275,525,396,4552
8877689391,2016-04-16,29326,25.2900009155273,888,552,4547
5577150313,2016-05-01,13368,9.98999977111816,499,444,4546
5577150313,2016-04-30,12363,9.23999977111816,621,415,4501
8877689391,2016-04-30,27745,26.7199993133545,1089,351,4398
5577150313,2016-04-24,15764,11.7799997329712,425,416,4392
5577150313,2016-04-16,14269,10.6599998474121,472,398,4274
8378563200,2016-04-211,15148,12.0100002288818,677,298,4236
8378563200,2016-04-14,13318,10.5600004196167,699,318,4163
8378563200,2016-04-18,13630,10.8100004196167,720,301,4157
8877689391,2016-05-07,12332,8.13000011444092,1036,404,4142
8378563200,2016-04-19,13070,10.3599996566772,737,293,4092
8378563200,2016-04-13,12386,9.81999969482422,680,299,4079
8378563200,2016-04-22,12200,9.67000007629395,769,284,4044
4388161847,2016-05-07,22770,17.5400009155273,508,436,4022
5577150313,2016-04-14,8596,6.42000007629395,662,324,4022
5577150313,2016-04-21,10830,8.09000015258789,670,359,4018
8877689391,2016-05-06,21727,19.3400001525879,1095,345,4015
5577150313,2016-04-15,12087,9.07999992370605,695,368,4005
8378563200,2016-04-25,12405,9.84000015258789,692,274,4005
8877689391,2016-04-15,13422,7.17000007629395,1052,388,3934
4388161847,2016-05-08,17298,14.3800001144409,576,323,3934
8877689391,2016-04-12,23186,20.3999996185303,1036,404,3921
8877689391,2016-04-23,11200,7.42999982833862,1032,408,3891
4020332650,2016-05-04,10252,7.34999990463257,531,405,3879
1644430081,2016-04-30,18213,13.2399997711182,816,482,3846
5577150313,2016-05-10,8869,6.65000009536743,639,335,3841
8877689391,2016-05-11,21420,19.5599994659424,1127,313,3832
8877689391,2016-04-27,23629,20.6499996185303,1104,336,3808
8877689391,2016-04-25,12986,8.73999977111816,1101,339,3802
5577150313,2016-05-03,11045,8.25,580,317,3795
8877689391,2016-04-14,21129,18.9799995422363,1061,379,3793
8378563200,2016-05-11,9143,7.25,763,266,3788
8378563200,2016-04-20,9388,7.44000005722046,763,259,3787
8378563200,2016-05-03,8712,6.90999984741211,822,286,3784
8378563200,2016-05-05,8567,6.78999996185303,764,283,3783
8378563200,2016-04-26,16208,12.8500003814697,593,269,3763
6775888955,2016-04-20,10771,7.71999979019165,1079,361,3727
8378563200,2016-05-09,8382,6.65000009536743,772,255,3721
8877689391,2016-05-09,20226,18.25,1131,309,3710
4702921684,2016-04-23,15126,12.2700004577637,469,483,3691
4702921684,2016-05-07,14370,11.6499996185303,577,490,3683
8877689391,2016-04-20,19948,18.1100006103516,1123,317,3679
8877689391,2016-04-19,18785,17.3999996185303,1131,309,3676
8378563200,2016-04-15,14461,11.4700002670288,729,273,3666
8877689391,2016-04-21,19377,17.6200008392334,1119,321,3659
4020332650,2016-04-12,8539,6.11999988555908,712,350,3654
8378563200,2016-05-06,7045,5.59000015258789,831,245,3644
8378563200,2016-04-12,7626,6.05000019073486,723,236,3635
5577150313,2016-04-18,9893,7.3899998664856,623,276,3625
8053475328,2016-05-08,22026,17.6499996185303,1073,367,3589
8378563200,2016-05-10,6582,5.21999979019165,840,228,3586
5577150313,2016-04-28,9841,7.42999982833862,692,291,3580
8053475328,2016-04-24,22988,17.9500007629395,1096,344,3577
8877689391,2016-04-13,15337,9.57999992370605,1098,342,3566
8053475328,2016-04-23,22359,17.1900005340576,741,362,3554
8877689391,2016-04-17,15118,8.86999988555908,1060,380,3545
4388161847,2016-04-22,12139,9.34000015258789,945,322,3544
5577150313,2016-04-29,7924,5.92000007629395,739,298,3544
4702921684,2016-04-24,15050,12.2200002670288,542,391,3538
8583815059,2016-04-29,15168,11.8299999237061,1069,371,3513
5577150313,2016-04-19,12574,9.42000007629395,733,242,3501
1644430081,2016-04-16,15300,11.1199998855591,1135,305,3493
8378563200,2016-05-02,6064,4.80999994277954,802,209,3491
8877689391,2016-05-04,18193,16.2999992370605,1154,286,3477
8877689391,2016-04-24,16674,15.7399997711182,1148,292,3455
4020332650,2016-05-05,11728,8.43000030517578,916,276,3429
8877689391,2016-04-22,18258,16.3099994659424,1141,299,3427
4388161847,2016-05-06,13175,10.1300001144409,1100,340,3425
8053475328,2016-04-14,20159,15.9700002670288,1123,317,3411
8053475328,2016-04-15,20669,16.2399997711182,1142,298,3410
5577150313,2016-04-12,8135,6.07999992370605,728,242,3405
1644430081,2016-05-07,13372,9.72000026702881,1139,301,3404
8053475328,2016-04-25,20500,15.6899995803833,1104,336,3403
4702921684,2016-04-17,12692,10.289999961853,437,380,3394
5577150313,2016-04-25,6393,4.78000020980835,743,313,3374
8378563200,2016-05-01,11419,9.0600004196167,669,208,3369
8378563200,2016-04-16,11207,8.89000034332275,563,227,3363
8053475328,2016-05-07,19769,15.6700000762939,1076,289,3331
5577150313,2016-04-22,9172,6.84999990463257,823,292,3329
1644430081,2016-05-06,9787,7.11999988555908,1054,386,3328
4702921684,2016-04-16,11140,9.02999973297119,556,362,3328
6290855005,2016-05-01,9837,7.44000005722046,1055,385,3327
1644430081,2016-05-03,12850,9.34000015258789,1115,325,3324
4388161847,2016-04-23,13236,10.1800003051758,749,278,3306
1644430081,2016-04-19,11256,8.18000030517578,1099,341,3300
5577150313,2016-04-27,6805,5.1399998664856,773,269,3294
4388161847,2016-05-03,12727,9.78999996185303,984,342,3290
4388161847,2016-04-25,12961,9.97000026702881,1054,343,3288
4702921684,2016-05-08,12857,10.4300003051758,1019,326,3287
4388161847,2016-04-30,12533,9.64000034332275,537,357,3283
4388161847,2016-04-18,11009,9.10000038146973,1017,274,3274
8583815059,2016-05-05,12427,9.6899995803833,1370,70,3266
1644430081,2016-04-14,11037,8.02000045776367,1125,315,3226
8053475328,2016-04-17,18827,13.6899995803833,1113,327,3213
8583815059,2016-05-03,12015,9.36999988555908,1440,0,3212
1644430081,2016-04-12,10694,7.76999998092651,1131,309,3199
5577150313,2016-04-20,8330,6.21999979019165,773,216,3192
8053475328,2016-04-12,18060,14.1199998855591,1193,247,3186
7007744171,2016-04-29,20067,14.3000001907349,961,479,3180
4702921684,2016-05-10,10613,8.60999965667725,701,300,3172
6290855005,2016-04-17,7851,5.94000005722046,1172,268,3171
4702921684,2016-04-29,9930,8.05000019073486,692,298,3165
8583815059,2016-04-30,10085,7.86999988555908,1093,347,3164
4388161847,2016-05-04,12375,9.52000045776367,632,307,3162
2022484408,2016-04-21,12453,8.73999977111816,1028,412,3158
5577150313,2016-04-23,7638,5.71000003814697,627,271,3152
4388161847,2016-05-02,10096,8.39999961853027,935,241,3147
4702921684,2016-05-03,9454,7.67000007629395,729,313,3145
8583815059,2016-04-27,12474,9.72999954223633,1229,211,3142
8053475328,2016-04-13,16433,13.3500003814697,1177,263,3140
8053475328,2016-04-18,17076,12.6599998474121,1137,303,3133
1644430081,2016-04-26,9919,7.21000003814697,1165,275,3123
4702921684,2016-04-30,10144,8.22999954223633,728,303,3115
8053475328,2016-04-19,15929,12.4799995422363,1152,288,3114
8378563200,2016-05-04,7875,6.23999977111816,680,196,3110
1644430081,2016-04-28,9405,6.84000015258789,1157,283,3108
8053475328,2016-04-21,16057,12.5100002288818,1164,276,3103
8792009665,2016-04-29,8360,5.34999990463257,634,400,3101
7007744171,2016-04-20,15566,11.3100004196167,1000,440,3096
8583815059,2016-04-26,10499,8.1899995803833,1134,306,3093
4388161847,2016-04-13,10993,8.44999980926514,1275,165,3092
4020332650,2016-05-08,5862,4.19999980926514,775,263,3089
5577150313,2016-04-26,5325,3.98000001907349,759,251,3088
4388161847,2016-04-20,10553,8.11999988555908,696,289,3083
4388161847,2016-04-27,11193,8.60999965667725,684,300,3074
4388161847,2016-04-16,6580,5.05999994277954,609,268,3073
4388161847,2016-04-21,10055,7.73000001907349,853,291,3069
4702921684,2016-05-11,9810,7.96000003814697,784,286,3069
4388161847,2016-04-15,8758,6.73000001907349,837,299,3066
4702921684,2016-04-25,9167,7.42999982833862,730,291,3064
8053475328,2016-04-28,15447,12.3999996185303,1188,252,3062
8378563200,2016-04-27,7359,5.84000015258789,676,200,3061
4388161847,2016-05-10,10299,7.92000007629395,648,294,3061
4702921684,2016-04-20,8793,7.13000011444092,717,291,3061
8877689391,2016-04-28,14890,11.3000001907349,1143,297,3060
7007744171,2016-04-25,18229,13.3400001525879,986,454,3055
8877689391,2016-05-05,14055,10.6700000762939,1170,270,3052
4020332650,2016-04-16,1982,1.41999995708466,1222,141,3051
8053475328,2016-04-20,15108,12.1899995803833,695,252,3043
4702921684,2016-04-28,9023,7.32000017166138,738,255,3033
8053475328,2016-05-03,15484,11.8999996185303,1166,274,3023
4388161847,2016-04-19,10181,7.82999992370605,704,285,3015
5577150313,2016-05-02,7439,5.55999994277954,732,292,3014
4388161847,2016-05-09,10218,7.8600001335144,1020,283,3013
4702921684,2016-04-18,9105,7.38000011444092,890,243,3013
8583815059,2016-04-23,9423,7.34999990463257,1151,289,3012
1644430081,2016-04-17,8757,6.36999988555908,1212,228,3011
1644430081,2016-05-09,6643,4.82999992370605,1099,341,3008
4702921684,2016-05-05,8614,6.98999977111816,745,254,3006
4702921684,2016-05-04,8161,6.61999988555908,757,270,3004
5577150313,2016-05-05,7550,5.6399998664856,1153,209,3004
4388161847,2016-04-14,8863,6.82000017166138,945,264,2998
7086361926,2016-04-20,14365,10.6400003433228,797,245,2997
7086361926,2016-04-30,14560,9.40999984741211,584,367,2995
4702921684,2016-05-09,8232,6.67999982833862,746,265,2990
1644430081,2016-05-08,6724,4.8899998664856,991,295,2987
4702921684,2016-04-14,7860,6.36999988555908,772,271,2984
8378563200,2016-04-29,6175,4.90000009536743,767,182,2982
4388161847,2016-04-29,9232,7.09999990463257,1175,265,2979
7007744171,2016-05-03,14510,10.8699998855591,1021,419,2976
4020332650,2016-05-07,6132,4.40000009536743,1256,184,2975
4388161847,2016-04-28,10074,7.75,878,262,2969
7086361926,2016-05-09,13566,9.10999965667725,743,288,2960
4388161847,2016-04-12,10122,7.78000020980835,1440,0,2955
4388161847,2016-05-11,10201,7.84000015258789,858,282,2954
6290855005,2016-04-14,7671,5.80000019073486,1077,363,2952
4020332650,2016-04-15,1882,1.35000002384186,1299,141,2951
8053475328,2016-05-05,14990,11.5100002288818,1208,232,2950
4702921684,2016-04-12,7213,5.88000011444092,718,263,2947
8583815059,2016-05-09,9877,7.69999980926514,1260,180,2947
7086361926,2016-04-19,10688,7.28999996185303,671,260,2944
8583815059,2016-04-22,8687,6.78000020980835,1170,270,2944
8583815059,2016-05-08,9217,7.19000005722046,1183,257,2940
7007744171,2016-04-26,15090,10.1000003814697,978,462,2939
7007744171,2016-04-12,14172,10.289999961853,1024,416,2937
7007744171,2016-05-05,15010,11.1000003814697,1047,393,2933
4388161847,2016-04-26,9461,7.28000020980835,673,261,2929
4020332650,2016-05-10,5546,3.98000001907349,774,206,2926
8053475328,2016-05-10,14810,11.3599996566772,1219,221,2926
4388161847,2016-05-01,10255,7.8899998664856,579,268,2926
7086361926,2016-05-06,12461,8.38000011444092,834,273,2924
8053475328,2016-05-04,14581,11.1499996185303,1220,220,2918
8378563200,2016-04-23,5709,4.53000020980835,740,165,2908
4702921684,2016-04-27,7047,5.71999979019165,733,255,2908
6290855005,2016-04-13,7142,5.40000009536743,1090,350,2905
1644430081,2016-04-13,8001,5.82000017166138,1259,181,2902
4388161847,2016-05-05,9603,7.38000011444092,896,250,2899
4702921684,2016-04-13,6877,5.57999992370605,777,258,2898
2022484408,2016-04-20,15112,10.6700000762939,1053,387,2897
6290855005,2016-04-15,9501,7.17999982833862,1112,328,2896
4702921684,2016-04-15,6506,5.28000020980835,944,265,2896
8792009665,2016-04-30,7174,4.59000015258789,749,331,2896
8583815059,2016-05-02,8469,6.6100001335144,1440,0,2894
7007744171,2016-04-22,15299,10.2399997711182,1065,375,2889
8583815059,2016-04-24,8286,6.46000003814697,1188,252,2889
4388161847,2016-04-24,10243,7.88000011444092,584,261,2885
8378563200,2016-04-28,5417,4.30000019073486,711,160,2884
8583815059,2016-04-21,8538,6.65999984741211,1229,211,2883
8053475328,2016-04-16,14549,11.1099996566772,1255,185,2867
6117666160,2016-04-15,14019,10.5900001525879,921,519,2865
7086361926,2016-04-28,11584,7.80000019073486,810,263,2862
8877689391,2016-04-26,11101,8.43000030517578,1157,283,2860
8053475328,2016-05-06,13953,11.0,1245,195,2859
4702921684,2016-05-06,6943,5.63000011444092,682,224,2859
4702921684,2016-05-02,7245,5.92000007629395,1131,240,2859
8053475328,2016-04-27,12422,9.81999969482422,1187,253,2852
8877689391,2016-05-08,10686,8.10999965667725,1174,266,2847
7086361926,2016-04-22,9753,6.53000020980835,762,270,2846
8583815059,2016-05-10,8240,6.42999982833862,1226,214,2846
8053475328,2016-04-26,12685,9.61999988555908,1182,258,2846
6290855005,2016-04-30,6744,5.09999990463257,1116,324,2843
6290855005,2016-04-19,7142,5.40000009536743,1119,321,2839
7007744171,2016-04-28,15128,10.1199998855591,1007,433,2836
8877689391,2016-05-10,10733,8.14999961853027,1187,253,2832
7007744171,2016-04-18,14816,10.9799995422363,1077,363,2832
7007744171,2016-04-27,13541,10.2200002670288,1041,399,2830
4020332650,2016-05-03,4496,3.22000002861023,950,174,2828
6117666160,2016-04-16,14450,10.9099998474121,502,540,2828
8877689391,2016-05-03,10818,8.21000003814697,1189,251,2817
4702921684,2016-04-19,6708,5.44000005722046,757,197,2812
7007744171,2016-04-19,14194,10.4799995422363,1066,374,2812
8583815059,2016-05-07,6117,4.76999998092651,1190,250,2810
8053475328,2016-05-11,12209,9.39999961853027,1189,251,2809
6290855005,2016-05-06,6116,4.61999988555908,1135,305,2806
1644430081,2016-04-18,7132,5.19000005722046,1271,169,2806
8583815059,2016-05-11,8701,6.78999996185303,1106,253,2804
7086361926,2016-05-10,14433,10.789999961853,1182,201,2800
8378563200,2016-05-07,4468,3.53999996185303,851,158,2799
1644430081,2016-05-10,9167,6.65999984741211,1254,186,2799
6775888955,2016-04-18,8294,5.94999980926514,1233,207,2798
2022484408,2016-05-10,12798,8.97999954223633,1084,356,2797
6290855005,2016-04-22,6238,4.71999979019165,1138,302,2796
8053475328,2016-04-29,12315,9.64999961853027,1215,225,2794
2022484408,2016-04-26,10119,7.19000005722046,1086,354,2793
8877689391,2016-05-01,10930,8.31999969482422,1226,214,2786
4020332650,2016-05-09,4556,3.26999998092651,1225,181,2785
4702921684,2016-04-26,6108,4.94999980926514,765,225,2784
6290855005,2016-04-16,8301,6.28000020980835,1182,258,2783
2022484408,2016-04-17,15112,11.3999996185303,1052,388,2782
7086361926,2016-04-26,10387,7.07000017166138,726,235,2781
8792009665,2016-04-28,6157,3.94000005722046,714,310,2780
7086361926,2016-04-12,11317,8.40999984741211,745,218,2772
6290855005,2016-04-25,7802,5.90000009536743,1180,260,2771
2022484408,2016-04-18,14131,10.0699996948242,1078,362,2770
6290855005,2016-04-18,6885,5.21000003814697,1169,271,2766
8053475328,2016-05-09,12465,9.38000011444092,1214,226,2765
7007744171,2016-04-21,13744,9.1899995803833,1049,391,2763
8877689391,2016-04-18,11423,8.67000007629395,1215,225,2761
8583815059,2016-04-28,6174,4.82000017166138,1209,231,2757
5577150313,2016-05-04,5206,3.89000010490417,631,175,2755
7086361926,2016-05-02,10052,6.80999994277954,737,231,2754
7086361926,2016-05-03,10288,6.76000022888184,761,245,2754
7086361926,2016-04-25,10091,6.82000017166138,706,237,2752
2022484408,2016-05-03,12183,8.73999977111816,1104,336,2752
1644430081,2016-04-15,5263,3.82999992370605,1263,177,2750
8792009665,2016-04-23,5245,3.35999989509583,795,285,2748
6290855005,2016-04-27,5565,4.21000003814697,1153,287,2743
7086361926,2016-04-18,9827,6.71000003814697,1136,226,2743
7007744171,2016-04-13,12862,9.64999961853027,1101,339,2742
8378563200,2016-04-24,3703,2.94000005722046,734,135,2741
7086361926,2016-05-07,12827,8.47999954223633,621,271,2739
7086361926,2016-05-11,9572,6.51999998092651,757,225,2735
7086361926,2016-04-14,9123,6.11999988555908,787,256,2734
2022484408,2016-04-30,18387,12.9099998474121,1043,397,2732
7086361926,2016-05-01,12390,8.06999969482422,685,303,2730
4702921684,2016-04-21,6530,5.30000019073486,901,189,2729
6290855005,2016-05-02,6781,5.13000011444092,1172,268,2725
6290855005,2016-05-04,5832,4.40999984741211,1168,272,2718
6290855005,2016-05-08,7706,5.82999992370605,1189,251,2712
2022484408,2016-05-09,13379,9.39000034332275,1061,379,2709
4020332650,2016-05-06,4369,3.13000011444092,855,177,2704
6290855005,2016-04-24,5896,4.46000003814697,1182,258,2703
6290855005,2016-04-20,6361,4.80999994277954,1182,258,2701
8877689391,2016-04-29,9733,7.3899998664856,1207,233,2698
1644430081,2016-05-01,6132,4.46000003814697,908,173,2696
8583815059,2016-04-16,5319,4.15000009536743,1440,0,2693
7086361926,2016-04-27,11107,8.34000015258789,829,206,2693
1624580081,2016-05-01,36019,28.0300006866455,1020,420,2690
6290855005,2016-04-28,5731,4.32999992370605,1185,255,2687
8378563200,2016-05-08,2943,2.32999992370605,621,139,2685
8583815059,2016-05-06,5843,4.55999994277954,1250,190,2683
6290855005,2016-05-05,6339,4.78999996185303,1201,239,2682
1644430081,2016-04-23,6637,4.82999992370605,1265,175,2677
6290855005,2016-05-03,6047,4.57000017166138,1200,240,2671
2347167796,2016-04-16,22244,15.0799999237061,968,406,2670
7007744171,2016-04-14,11179,8.23999977111816,1096,344,2668
8583815059,2016-04-19,5697,4.44000005722046,1257,183,2668
7007744171,2016-04-24,11085,7.42000007629395,1021,419,2667
4558609924,2016-05-08,6543,4.32999992370605,1019,339,2666
6290855005,2016-04-23,0,0.0,1407,33,2664
8378563200,2016-04-30,2946,2.33999991416931,780,121,2660
8053475328,2016-04-22,10520,8.28999996185303,1260,180,2655
7086361926,2016-05-04,10988,8.3100004196167,843,192,2655
8583815059,2016-04-13,5571,4.34999990463257,1252,188,2654
6117666160,2016-04-23,11495,8.68000030517578,468,512,2651
8583815059,2016-04-12,5014,3.91000008583069,1237,203,2650
2022484408,2016-05-04,11768,8.28999996185303,1105,335,2649
8583815059,2016-04-20,5273,4.1100001335144,1246,194,2647
4020332650,2016-05-11,3689,2.65000009536743,1296,144,2645
5577150313,2016-05-06,4950,3.70000004768372,1304,136,2643
7007744171,2016-05-02,13041,9.18000030517578,1112,328,2642
2022484408,2016-04-22,12954,9.32999992370605,1105,335,2638
1927972279,2016-04-26,3761,2.59999990463257,1058,192,2638
6117666160,2016-05-05,9799,7.40000009536743,479,487,2636
2347167796,2016-04-23,16901,11.3699998855591,591,427,2629
7086361926,2016-04-29,7881,4.94999980926514,1198,242,2616
6290855005,2016-05-07,5510,4.17000007629395,1213,227,2613
2022484408,2016-04-29,10245,7.19000005722046,1098,342,2611
2022484408,2016-05-05,11895,8.35000038146973,1112,328,2609
6117666160,2016-04-19,11135,8.40999984741211,425,480,2606
2022484408,2016-04-13,12024,8.5,1100,340,2601
8583815059,2016-05-01,4512,3.51999998092651,1311,129,2596
6775888955,2016-04-26,7091,5.26999998092651,1321,119,2584
1644430081,2016-05-02,3758,2.73000001907349,682,156,2580
6117666160,2016-04-27,9411,7.1100001335144,417,458,2576
4388161847,2016-04-17,4660,3.57999992370605,721,201,2572
8378563200,2016-04-17,2132,1.69000005722046,599,93,2572
6962181067,2016-04-23,20031,13.2399997711182,484,446,2571
6117666160,2016-04-29,9592,7.23999977111816,479,461,2560
6290855005,2016-04-12,4562,3.45000004768372,1241,199,2560
7007744171,2016-05-06,11459,7.67000007629395,1136,304,2553
5577150313,2016-04-13,5077,3.78999996185303,776,170,2551
8583815059,2016-04-25,4503,3.50999999046326,1294,146,2547
2022484408,2016-05-11,13272,9.31999969482422,1133,307,2544
6117666160,2016-04-20,10449,8.02000045776367,587,385,2536
8583815059,2016-04-18,3864,3.00999999046326,1309,131,2536
7086361926,2016-05-08,10677,7.09999990463257,695,206,2534
4319703577,2016-05-05,13658,9.48999977111816,957,389,2530
2022484408,2016-04-24,13481,10.2799997329712,1161,279,2529
2022484408,2016-04-15,11034,8.02999973297119,1122,318,2525
8583815059,2016-05-04,3588,2.79999995231628,1440,0,2516
7086361926,2016-04-13,5813,3.61999988555908,744,212,2516
6775888955,2016-04-14,5162,3.70000004768372,863,143,2507
1927972279,2016-05-02,3790,2.61999988555908,1322,118,2505
8583815059,2016-04-15,3430,2.6800000667572,1375,65,2505
1927972279,2016-04-23,2945,2.03999996185303,1295,145,2499
4445114986,2016-05-11,9105,6.1100001335144,622,288,2499
1644430081,2016-04-29,3176,2.30999994277954,1193,120,2498
2022484408,2016-05-06,10227,7.17999982833862,1104,336,2498
1644430081,2016-04-25,3580,2.59999990463257,1337,103,2497
4445114986,2016-04-15,7198,4.82999992370605,711,350,2496
6775888955,2016-05-06,4697,3.36999988555908,1318,122,2496
1644430081,2016-04-27,3032,2.20000004768372,1322,118,2489
2022484408,2016-04-19,11548,8.52999973297119,1152,288,2489
5577150313,2016-05-09,3421,2.55999994277954,1099,115,2489
4558609924,2016-04-21,13743,9.07999992370605,844,459,2486
6775888955,2016-04-25,6474,4.6399998664856,1302,138,2484
2022484408,2016-05-02,10379,7.28999996185303,1119,321,2473
2022484408,2016-04-25,11369,8.01000022888184,1171,269,2470
6117666160,2016-05-07,7336,5.53999996185303,456,412,2469
7086361926,2016-04-21,9469,6.17999982833862,758,231,2463
1644430081,2016-05-05,4363,3.19000005722046,1341,99,2463
2022484408,2016-04-27,10159,7.13000011444092,1119,321,2463
6117666160,2016-04-26,9543,7.21000003814697,1077,359,2450
8583815059,2016-04-14,3135,2.45000004768372,1306,134,2443
8583815059,2016-04-17,3008,2.34999990463257,1440,0,2439
4445114986,2016-04-22,6831,4.57999992370605,706,317,2432
1644430081,2016-04-20,2436,1.76999998092651,1315,125,2430
4445114986,2016-05-08,7303,4.90000009536743,733,316,2423
4445114986,2016-05-03,7502,5.17999982833862,725,265,2421
8792009665,2016-04-22,4068,2.59999990463257,817,216,2419
1644430081,2016-04-24,3321,2.41000008583069,1351,89,2413
1927972279,2016-05-01,2704,1.87000000476837,1355,85,2411
6117666160,2016-04-22,8206,6.19999980926514,413,402,2409
8053475328,2016-04-30,7135,5.59000015258789,1281,159,2408
6775888955,2016-04-13,4053,2.91000008583069,1053,120,2400
7086361926,2016-04-15,8585,5.67000007629395,864,190,2395
2022484408,2016-04-12,11875,8.34000015258789,1157,283,2390
7086361926,2016-05-05,8564,5.59999990463257,1253,187,2386
1927972279,2016-05-06,2091,1.45000004768372,1332,108,2383
7007744171,2016-04-17,8059,5.3899998664856,1135,305,2383
1927972279,2016-04-14,2163,1.5,1292,97,2383
2022484408,2016-05-01,10538,7.40000009536743,1142,298,2380
4319703577,2016-04-28,10817,7.28000020980835,552,380,2367
4445114986,2016-04-30,6222,4.17999982833862,797,290,2363
6117666160,2016-05-01,8915,6.73000001907349,525,397,2361
4445114986,2016-04-27,7243,5.03000020980835,839,227,2361
6962181067,2016-05-10,15448,10.210000038147,626,371,2361
1927972279,2016-04-28,1675,1.1599999666214,1167,95,2351
2347167796,2016-04-19,6711,4.44000005722046,648,389,2346
4319703577,2016-05-09,10378,6.96000003814697,490,390,2345
1644430081,2016-04-22,3673,2.67000007629395,1354,86,2344
2347167796,2016-04-12,10113,6.82999992370605,964,361,2344
1927972279,2016-05-04,1786,1.24000000953674,1353,87,2338
4445114986,2016-05-02,6910,4.75,667,231,2336
5553957443,2016-05-10,16358,10.710000038147,707,366,2335
4319703577,2016-04-27,10780,7.23000001907349,680,353,2324
1927972279,2016-04-24,2090,1.45000004768372,1358,82,2324
5553957443,2016-04-14,17022,11.1199998855591,693,358,2324
6775888955,2016-05-01,2487,1.77999997138977,1347,93,2319
4319703577,2016-04-25,9259,6.21000003814697,544,398,2314
2022484408,2016-04-14,10690,7.5,1148,292,2312
4057192912,2016-04-13,5974,4.46999979019165,1280,160,2306
6117666160,2016-04-24,7623,5.76000022888184,711,362,2305
4319703577,2016-04-14,10210,6.88000011444092,589,349,2302
8792009665,2016-05-03,2421,1.54999995231628,739,156,2297
2022484408,2016-04-28,10140,7.11999988555908,1123,317,2296
4445114986,2016-04-26,6326,4.40999984741211,839,210,2291
4057192912,2016-04-12,5394,4.03000020980835,1276,164,2286
7007744171,2016-04-23,8093,5.40999984741211,1190,250,2284
5553957443,2016-04-19,15482,10.1099996566772,756,346,2284
4319703577,2016-05-04,10429,7.01999998092651,1106,334,2282
4445114986,2016-05-09,5275,3.53999996185303,641,266,2281
6775888955,2016-04-30,2503,1.78999996185303,1344,96,2280
6117666160,2016-04-30,6987,5.28000020980835,1040,343,2275
5553957443,2016-05-09,11611,7.57999992370605,667,332,2272
4319703577,2016-05-02,9261,6.23999977111816,585,355,2270
4319703577,2016-05-06,9524,6.42000007629395,692,331,2266
4558609924,2016-05-05,10611,7.01000022888184,1048,392,2262
4319703577,2016-05-10,9487,6.36999988555908,555,344,2260
6962181067,2016-04-29,10762,7.1100001335144,645,396,2254
5553957443,2016-04-15,16556,10.8599996566772,689,335,2254
6117666160,2016-05-08,7328,5.53000020980835,517,318,2250
4445114986,2016-04-18,6155,4.23999977111816,1247,193,2248
4445114986,2016-04-24,5002,3.35999989509583,1196,244,2247
4445114986,2016-05-01,5232,3.50999999046326,741,240,2246
4702921684,2016-04-22,1664,1.35000002384186,1341,72,2241
2873212765,2016-04-22,7286,4.90000009536743,1028,412,2241
4319703577,2016-04-26,9899,6.6399998664856,649,317,2236
4319703577,2016-05-03,9648,6.46999979019165,669,321,2235
4319703577,2016-05-11,9129,6.13000011444092,574,332,2232
1927972279,2016-05-07,1510,1.03999996185303,1392,48,2229
6117666160,2016-04-17,7150,5.40000009536743,702,312,2225
7007744171,2016-05-01,5600,3.75,1142,237,2225
4558609924,2016-04-25,8095,5.34999990463257,993,368,2225
6775888955,2016-04-16,4732,3.39000010490417,1377,63,2225
4558609924,2016-05-09,11451,7.57000017166138,1065,375,2223
4558609924,2016-04-26,9148,6.05000019073486,1062,336,2223
1644430081,2016-05-04,2309,1.67999994754791,1388,52,2222
1927972279,2016-04-15,980,0.680000007152557,941,51,2221
1927972279,2016-04-12,678,0.469999998807907,734,55,2220
4319703577,2016-04-20,8954,6.01000022888184,671,324,2220
8253242879,2016-04-21,11268,8.5600004196167,1199,241,2218
4445114986,2016-05-06,4514,3.02999997138977,809,229,2211
4020332650,2016-05-02,475,0.340000003576279,1350,42,2207
4445114986,2016-04-28,4493,3.00999999046326,762,236,2203
4319703577,2016-04-19,8925,5.98999977111816,604,311,2200
2347167796,2016-04-20,10999,7.26999998092651,1011,323,2198
4445114986,2016-04-29,4676,3.14000010490417,1106,226,2196
1927972279,2016-05-03,1326,0.920000016689301,1413,27,2195
4445114986,2016-04-14,3974,2.67000007629395,717,231,2194
2347167796,2016-04-27,11423,7.57999992370605,623,330,2194
6962181067,2016-04-25,13239,9.27000045776367,637,348,2194
8877689391,2016-05-02,4790,3.64000010490417,1335,105,2189
8792009665,2016-04-20,3147,2.00999999046326,744,149,2188
2347167796,2016-04-24,9471,6.26000022888184,584,360,2187
4558609924,2016-04-28,9451,6.25,985,379,2185
6962181067,2016-04-28,12627,8.35000038146973,621,334,2182
4445114986,2016-05-10,3915,2.63000011444092,783,231,2181
4445114986,2016-04-16,3945,2.65000009536743,716,225,2180
6962181067,2016-04-21,11835,9.71000003814697,708,294,2179
2022484408,2016-04-16,10100,7.09000015258789,1237,203,2177
6290855005,2016-05-09,6277,4.75,800,264,2175
4319703577,2016-04-29,7990,5.3600001335144,624,313,2175
6962181067,2016-04-20,13928,9.55000019073486,639,349,2174
4558609924,2016-04-24,8563,5.65999984741211,1045,395,2173
6962181067,2016-04-16,13217,8.73999977111816,741,333,2173
5553957443,2016-04-29,12764,8.32999992370605,709,331,2169
6962181067,2016-05-02,12912,8.53999996185303,655,370,2162
1503960366,2016-04-27,"",12.210000038147,1108,332,2159
4319703577,2016-05-07,7937,5.32999992370605,586,310,2158
5553957443,2016-05-05,14331,9.51000022888184,692,314,2156
1927972279,2016-04-13,356,0.25,986,32,2151
4445114986,2016-04-21,3809,2.55999994277954,756,215,2150
4445114986,2016-04-23,4363,2.9300000667572,1239,201,2149
2873212765,2016-04-16,9685,6.65000009536743,1087,353,2148
1644430081,2016-04-21,1223,0.889999985694885,1402,38,2140
4319703577,2016-04-13,8204,5.5,1234,119,2135
2347167796,2016-04-15,10465,6.92000007629395,720,309,2133
8253242879,2016-04-23,9282,6.26000022888184,1193,247,2132
4558609924,2016-05-11,9108,6.01999998092651,1081,359,2131
1844505072,2016-04-14,7937,5.25,843,373,2130
6775888955,2016-04-15,1282,0.920000016689301,976,58,2127
2320127002,2016-04-12,10725,7.48999977111816,1112,328,2124
3372868164,2016-04-21,8857,6.07000017166138,1037,403,2124
4445114986,2016-05-07,5183,3.58999991416931,866,138,2123
4558609924,2016-04-15,7795,5.15000009536743,1131,309,2121
4445114986,2016-05-05,3800,2.54999995231628,734,193,2120
4558609924,2016-04-17,9634,6.40000009536743,1110,330,2117
4558609924,2016-04-18,8940,5.90999984741211,1080,360,2116
5553957443,2016-05-03,12848,8.39000034332275,812,302,2116
4319703577,2016-04-12,7753,5.19999980926514,1440,0,2115
4445114986,2016-04-12,3276,2.20000004768372,787,196,2113
8253242879,2016-04-17,10204,7.90999984741211,1237,203,2112
1927972279,2016-04-18,244,0.170000001788139,1423,17,2111
5553957443,2016-04-22,11682,7.63000011444092,781,311,2105
6962181067,2016-05-09,12342,8.72000026702881,607,295,2105
4558609924,2016-04-30,10319,6.82000017166138,1111,329,2105
1927972279,2016-04-25,152,0.109999999403954,1303,12,2100
7007744171,2016-04-15,5273,3.52999997138977,1238,202,2098
4558609924,2016-04-27,9557,6.32000017166138,1087,353,2098
2873212765,2016-05-08,8168,5.53999996185303,1068,372,2096
4445114986,2016-04-13,2961,1.99000000953674,840,194,2095
2347167796,2016-04-25,9482,6.38000011444092,653,303,2095
3372868164,2016-04-27,7904,5.42000007629395,1057,383,2095
2873212765,2016-04-20,9202,6.30000019073486,1035,405,2094
4558609924,2016-04-22,9601,6.34999990463257,1122,318,2094
1927972279,2016-04-22,149,0.100000001490116,1430,10,2093
3372868164,2016-04-13,9715,6.63000011444092,1045,395,2093
5553957443,2016-04-26,11886,7.76000022888184,750,296,2093
4319703577,2016-04-30,8221,5.51999998092651,695,240,2092
6962181067,2016-04-22,10725,7.09000015258789,659,303,2086
6962181067,2016-05-04,10147,6.71000003814697,683,335,2086
4558609924,2016-04-23,6890,4.55000019073486,1122,318,2085
7007744171,2016-04-16,4631,3.09999990463257,1155,203,2076
6962181067,2016-05-03,12109,8.11999988555908,654,324,2072
4445114986,2016-04-25,3385,2.26999998092651,916,179,2070
4445114986,2016-05-04,2923,1.96000003814697,897,180,2070
2022484408,2016-04-23,6001,4.21000003814697,1191,249,2069
8792009665,2016-04-27,1758,1.12999999523163,900,112,2067
8792009665,2016-05-04,2283,1.46000003814697,848,129,2067
6775888955,2016-04-17,2497,1.78999996185303,1392,48,2067
4558609924,2016-05-02,7891,5.21999979019165,1057,383,2066
6962181067,2016-05-05,10524,6.96000003814697,591,341,2066
5553957443,2016-04-21,12346,8.0600004196167,801,266,2066
3372868164,2016-04-14,8844,6.03000020980835,1039,401,2065
1927972279,2016-04-16,0,0.0,1440,0,2064
1927972279,2016-04-21,0,0.0,1440,0,2064
1927972279,2016-04-30,0,0.0,1440,0,2064
2873212765,2016-04-15,8482,5.69999980926514,992,448,2063
1927972279,2016-04-17,0,0.0,1440,0,2063
1927972279,2016-04-19,0,0.0,1440,0,2063
1927972279,2016-04-20,0,0.0,1440,0,2063
1927972279,2016-04-27,0,0.0,1440,0,2063
1927972279,2016-04-29,0,0.0,1440,0,2063
1927972279,2016-05-05,0,0.0,1440,0,2063
1927972279,2016-05-08,0,0.0,1440,0,2063
1927972279,2016-05-09,0,0.0,1440,0,2063
1927972279,2016-05-10,0,0.0,1440,0,2063
1927972279,2016-05-11,0,0.0,1440,0,2063
1844505072,2016-04-21,8054,5.32000017166138,1117,323,2062
6290855005,2016-04-21,0,0.0,1440,0,2060
6290855005,2016-04-26,0,0.0,1440,0,2060
6290855005,2016-04-29,0,0.0,1440,0,2060
3372868164,2016-04-26,8283,5.78999996185303,1083,357,2057
6775888955,2016-04-24,2153,1.53999996185303,1400,40,2053
7007744171,2016-04-30,3761,2.51999998092651,1240,200,2051
7086361926,2016-04-24,3520,2.16000008583069,566,125,2049
2347167796,2016-04-21,10080,6.75,761,257,2048
6962181067,2016-04-19,10742,7.09999990463257,659,271,2046
3372868164,2016-04-29,9135,6.23000001907349,1038,402,2044
6117666160,2016-05-02,4933,3.73000001907349,1204,236,2044
8792009665,2016-04-12,2564,1.63999998569489,831,116,2044
8253242879,2016-04-12,9033,7.15999984741211,1244,196,2044
6962181067,2016-04-18,11404,7.53999996185303,689,293,2039
2347167796,2016-04-13,10352,7.01000022888184,676,246,2038
1503960366,2016-04-19,15506,9.88000011444092,775,345,2035
6962181067,2016-04-27,10320,6.82000017166138,697,324,2034
5553957443,2016-04-25,10946,7.19000005722046,732,263,2033
1844505072,2016-04-12,6697,4.42999982833862,1101,339,2030
6962181067,2016-04-17,10145,6.71000003814697,634,313,2027
5553957443,2016-04-12,11596,7.57000017166138,767,309,2026
2873212765,2016-04-23,9317,6.34999990463257,1077,363,2021
6117666160,2016-04-18,5153,3.91000008583069,759,241,2018
4702921684,2016-05-01,0,0.0,1440,0,2017
2873212765,2016-05-04,8278,5.55999994277954,1020,420,2015
8792009665,2016-05-02,1831,1.16999995708466,916,101,2015
3372868164,2016-04-18,6798,4.6399998664856,1070,370,2014
1503960366,2016-04-25,15355,9.80000019073486,814,303,2013
6962181067,2016-04-26,10433,6.90000009536743,680,297,2012
4020332650,2016-04-14,108,0.0799999982118607,1437,3,2011
2347167796,2016-04-14,10129,6.69999980926514,705,255,2010
3372868164,2016-04-25,5995,4.09000015258789,1024,416,2010
8792009665,2016-04-15,2483,1.5900000333786,937,126,2009
8253242879,2016-04-27,10232,8.18000030517578,1286,154,2008
2873212765,2016-04-13,7618,5.11999988555908,1028,412,2004
1503960366,2016-05-02,14727,9.71000003814697,798,333,2004
2320127002,2016-04-13,7275,4.90000009536743,1105,335,2003
6962181067,2016-04-30,10081,6.65999984741211,731,285,2002
5553957443,2016-04-28,11393,7.63000011444092,727,227,1999
4558609924,2016-04-16,7289,4.82000017166138,1112,328,1997
5553957443,2016-05-02,9769,6.38000011444092,724,259,1996
4020332650,2016-04-18,62,0.0399999991059303,1438,2,1995
2022484408,2016-05-07,6708,4.71000003814697,1269,171,1995
3372868164,2016-04-23,7396,5.07000017166138,1115,325,1995
6962181067,2016-04-12,10199,6.73999977111816,796,253,1994
6775888955,2016-04-28,703,0.5,1410,30,1993
1844505072,2016-04-28,6907,4.57000017166138,1138,302,1992
1503960366,2016-05-03,15103,9.65999984741211,816,328,1990
4020332650,2016-04-17,16,0.00999999977648258,1438,2,1990
8053475328,2016-05-02,1969,1.42999994754791,1345,95,1988
3372868164,2016-04-19,7711,5.26000022888184,1064,376,1985
4319703577,2016-04-15,5664,3.79999995231628,752,228,1985
1503960366,2016-04-12,13162,8.5,728,366,1985
2873212765,2016-04-12,8796,5.90999984741211,1061,379,1982
4020332650,2016-04-13,0,0.0,1440,0,1981
4020332650,2016-04-19,0,0.0,1440,0,1980
4020332650,2016-04-20,0,0.0,1440,0,1980
4020332650,2016-04-21,0,0.0,1440,0,1980
4020332650,2016-04-22,0,0.0,1440,0,1980
4020332650,2016-04-23,0,0.0,1440,0,1980
4020332650,2016-04-24,0,0.0,1440,0,1980
4020332650,2016-04-25,0,0.0,1440,0,1980
4020332650,2016-04-26,0,0.0,1440,0,1980
4020332650,2016-04-27,0,0.0,1440,0,1980
4020332650,2016-04-28,0,0.0,1440,0,1980
4020332650,2016-04-29,0,0.0,1440,0,1980
4020332650,2016-04-30,0,0.0,1440,0,1980
4020332650,2016-05-01,0,0.0,1440,0,1980
8253242879,2016-04-24,8905,7.13000011444092,1313,127,1976
8378563200,2016-05-12,4561,3.61999988555908,433,116,1976
4445114986,2016-04-20,2072,1.38999998569489,841,137,1974
4558609924,2016-05-07,8237,5.44000005722046,1116,272,1973
2320127002,2016-05-07,7379,4.96999979019165,1121,319,1972
3372868164,2016-04-28,5512,3.75999999046326,1055,385,1972
2873212765,2016-05-05,8314,5.6100001335144,1093,347,1971
2873212765,2016-04-21,8859,5.98000001907349,1057,383,1970
1503960366,2016-04-26,13755,8.78999996185303,833,333,1970
2873212765,2016-04-27,3516,2.35999989509583,1197,243,1966
7086361926,2016-04-23,2817,1.80999994277954,1350,90,1965
3372868164,2016-04-17,8199,5.88000011444092,1105,335,1964
8792009665,2016-04-14,1219,0.779999971389771,853,84,1963
2873212765,2016-05-10,8275,5.55999994277954,1067,373,1962
8792009665,2016-05-01,1619,1.03999996185303,834,79,1962
1503960366,2016-05-05,14070,8.89999961853027,857,319,1959
2873212765,2016-04-19,7948,5.36999988555908,1051,389,1956
4445114986,2016-04-19,2064,1.38999998569489,895,121,1954
4558609924,2016-05-03,5267,3.48000001907349,1172,268,1953
1503960366,2016-04-23,14371,9.03999996185303,732,324,1949
6962181067,2016-05-07,6815,4.5,745,328,1947
1503960366,2016-04-30,14673,9.25,712,303,1947
3372868164,2016-04-30,5250,3.57999992370605,1119,321,1946
2347167796,2016-04-22,7804,5.15999984741211,781,242,1946
4319703577,2016-04-23,4935,3.30999994277954,546,233,1945
2347167796,2016-04-18,8247,5.44999980926514,678,233,1944
8253242879,2016-04-13,8053,6.09999990463257,1298,142,1935
8792009665,2016-04-13,1320,0.839999973773956,806,82,1934
4445114986,2016-04-17,2268,1.51999998092651,1219,114,1933
8253242879,2016-04-20,6466,4.26999998092651,1201,239,1931
8792009665,2016-04-26,1321,0.850000023841858,1360,80,1928
2026352035,2016-05-05,12167,7.53999996185303,479,475,1926
4558609924,2016-04-14,6799,4.48999977111816,1161,279,1922
6775888955,2016-04-22,637,0.46000000834465,1420,20,1922
2320127002,2016-04-20,7192,4.84999990463257,1146,294,1922
5553957443,2016-04-27,10538,6.88000011444092,745,238,1922
3372868164,2016-04-24,6731,4.59000015258789,1127,313,1921
1503960366,2016-04-18,13019,8.59000015258789,1149,291,1921
4558609924,2016-04-29,7833,5.17999982833862,1096,241,1918
2026352035,2016-04-23,12357,7.71000003814697,458,432,1916
5553957443,2016-05-06,9632,6.28999996185303,761,259,1916
2873212765,2016-05-06,7063,4.75,1065,375,1910
8253242879,2016-04-25,6829,4.51000022888184,1261,179,1909
4558609924,2016-04-12,5135,3.39000010490417,1122,318,1909
3372868164,2016-04-15,7451,5.07999992370605,1105,335,1908
3372868164,2016-04-16,6905,4.73000001907349,1084,356,1908
2873212765,2016-04-25,7373,4.94999980926514,1081,359,1907
2873212765,2016-05-09,7726,5.19000005722046,1095,345,1906
2873212765,2016-05-03,7412,4.98000001907349,1070,370,1906
2320127002,2016-04-18,6559,4.42000007629395,1173,267,1905
2320127002,2016-05-11,6424,4.32999992370605,1140,300,1903
6117666160,2016-05-04,2997,2.25999999046326,1279,156,1902
2320127002,2016-05-10,6227,4.19999980926514,1150,290,1899
2873212765,2016-04-24,6873,4.67999982833862,1203,237,1898
1503960366,2016-04-28,13154,8.52999973297119,782,265,1898
2873212765,2016-05-07,4940,3.38000011444092,1302,138,1897
1503960366,2016-05-06,12159,8.02999973297119,754,319,1896
2873212765,2016-04-14,7910,5.32000017166138,1109,331,1893
2873212765,2016-04-18,7762,5.23999977111816,1122,318,1890
4558609924,2016-05-10,6435,4.25,1191,249,1889
8053475328,2016-05-01,1170,0.850000023841858,1389,51,1886
4319703577,2016-04-22,4500,3.01999998092651,709,196,1886
4319703577,2016-04-16,4744,3.1800000667572,724,194,1884
2873212765,2016-04-26,8242,5.53999996185303,1124,316,1882
2347167796,2016-04-17,5472,3.61999988555908,508,257,1882
4319703577,2016-04-24,4081,2.74000000953674,692,197,1880
8253242879,2016-04-16,9256,6.1399998664856,1268,172,1880
6117666160,2016-04-28,3403,2.59999990463257,758,141,1879
2873212765,2016-05-02,7525,5.05999994277954,1099,341,1878
2320127002,2016-05-03,7443,5.01999998092651,1204,236,1878
4558609924,2016-04-19,5401,3.5699999332428,1182,258,1876
2026352035,2016-05-09,10685,6.61999988555908,543,401,1869
3372868164,2016-04-20,4880,3.32999992370605,1148,292,1867
1503960366,2016-04-16,12669,8.15999984741211,773,267,1863
2347167796,2016-04-26,5980,3.95000004768372,732,227,1861
1844505072,2016-04-13,4929,3.25999999046326,1192,248,1860
1503960366,2016-05-10,12207,7.76999998092651,746,291,1859
1844505072,2016-04-29,4920,3.25,1082,247,1856
6962181067,2016-05-11,6722,4.44000005722046,709,230,1855
2347167796,2016-04-28,5439,3.59999990463257,764,229,1854
8253242879,2016-04-29,6260,4.26000022888184,1257,166,1854
2022484408,2016-05-12,9117,6.40999984741211,728,268,1853
2320127002,2016-04-17,6198,4.17999982833862,1191,249,1852
2320127002,2016-04-22,5583,3.75999999046326,1174,266,1851
6962181067,2016-05-06,5908,3.91000008583069,717,299,1850
8877689391,2016-05-12,8064,6.11999988555908,770,161,1849
2022484408,2016-05-08,3292,2.30999994277954,1305,135,1848
6775888955,2016-05-03,9,0.00999999977648258,1439,1,1843
4558609924,2016-05-04,5232,3.46000003814697,1188,252,1842
6775888955,2016-04-12,0,0.0,1440,0,1841
6775888955,2016-04-19,0,0.0,1440,0,1841
6775888955,2016-04-21,0,0.0,1440,0,1841
6775888955,2016-04-23,0,0.0,1440,0,1841
6775888955,2016-04-27,0,0.0,1440,0,1841
6775888955,2016-04-29,0,0.0,1440,0,1841
6775888955,2016-05-02,0,0.0,1440,0,1841
6775888955,2016-05-04,0,0.0,1440,0,1841
6775888955,2016-05-05,0,0.0,1440,0,1841
6117666160,2016-05-06,3365,2.6800000667572,673,133,1838
1503960366,2016-04-29,11181,7.15000009536743,815,271,1837
2873212765,2016-04-28,7913,5.40999984741211,1192,248,1835
5553957443,2016-04-16,5771,3.76999998092651,521,288,1831
2873212765,2016-04-30,8452,5.67999982833862,1167,273,1830
8253242879,2016-04-18,5151,3.48000001907349,1278,162,1829
1844505072,2016-04-22,5372,3.54999995231628,1220,220,1827
1503960366,2016-04-22,12764,8.13000011444092,1217,223,1827
2873212765,2016-05-11,6440,4.32999992370605,1121,319,1826
2320127002,2016-05-08,5161,3.48000001907349,1193,247,1821
1503960366,2016-05-07,11992,7.71000003814697,833,258,1821
1503960366,2016-05-01,10602,6.80999994277954,730,314,1820
1503960366,2016-05-09,12022,7.71999979019165,835,263,1819
1503960366,2016-05-04,11100,7.15000009536743,1179,261,1819
5577150313,2016-05-07,0,0.0,1440,0,1819
5577150313,2016-05-08,0,0.0,1440,0,1819
1844505072,2016-04-18,4597,3.03999996185303,1211,229,1814
8253242879,2016-04-26,4562,3.03999996185303,1299,141,1813
2320127002,2016-04-19,5997,4.03999996185303,1201,239,1811
2320127002,2016-04-23,5079,3.42000007629395,1129,242,1804
2320127002,2016-04-15,5205,3.50999999046326,1195,245,1801
8792009665,2016-04-24,400,0.259999990463257,1410,30,1799
1503960366,2016-04-13,10735,6.96999979019165,776,257,1797
1844505072,2016-04-17,4525,2.99000000953674,1231,209,1793
4319703577,2016-04-21,3702,2.48000001907349,1265,34,1792
4319703577,2016-05-08,3672,2.46000003814697,603,153,1792
3372868164,2016-04-12,4747,3.24000000953674,1160,280,1788
4558609924,2016-04-20,4803,3.17000007629395,1218,222,1788
1503960366,2016-04-24,10039,6.40999984741211,709,282,1788
1503960366,2016-04-20,10544,6.67999982833862,818,245,1786
1503960366,2016-05-11,12770,8.13000011444092,669,310,1783
2873212765,2016-04-29,7365,4.94999980926514,1191,249,1780
2320127002,2016-05-05,5202,3.50999999046326,1206,234,1780
2320127002,2016-04-30,4571,3.07999992370605,1206,234,1779
5553957443,2016-04-23,4112,2.69000005722046,443,272,1776
1503960366,2016-04-14,10460,6.73999977111816,1218,222,1776
4057192912,2016-04-14,0,0.0,1440,0,1776
1503960366,2016-04-21,9819,6.34000015258789,838,238,1775
1844505072,2016-04-30,4014,2.67000007629395,218,184,1763
8253242879,2016-04-19,4212,2.77999997138977,1276,164,1763
5553957443,2016-05-08,6083,4.0,505,221,1762
3977333714,2016-05-02,16520,11.0500001907349,713,343,1760
6962181067,2016-04-15,5563,3.6800000667572,837,217,1756
5553957443,2016-05-01,5164,3.36999988555908,436,237,1747
1503960366,2016-04-15,9762,6.28000020980835,726,272,1745
2320127002,2016-05-06,4878,3.28999996185303,1236,204,1742
1844505072,2016-05-03,4059,2.6800000667572,1256,184,1742
6962181067,2016-05-01,5454,3.60999989509583,722,215,1740
1503960366,2016-05-08,10060,6.57999992370605,574,255,1740
2873212765,2016-05-01,7399,4.96999979019165,1219,221,1739
2026352035,2016-05-06,8198,5.07999992370605,511,383,1736
1503960366,2016-04-17,9705,6.48000001907349,539,222,1728
1844505072,2016-04-15,3844,2.53999996185303,527,176,1725
2320127002,2016-04-24,4165,2.80999994277954,1236,204,1725
2320127002,2016-04-16,5057,3.41000008583069,1245,195,1724
4558609924,2016-05-06,3755,2.48000001907349,1238,202,1722
4558609924,2016-04-13,4978,3.28999996185303,1287,153,1722
8792009665,2016-04-16,244,0.159999996423721,1428,12,1721
8792009665,2016-04-21,144,0.0900000035762787,1431,9,1720
5553957443,2016-04-13,4832,3.16000008583069,647,226,1718
6962181067,2016-04-13,5652,3.74000000953674,548,174,1718
3977333714,2016-05-03,14335,9.59000015258789,594,346,1710
6962181067,2016-04-24,5029,3.3199999332428,720,199,1705
8253242879,2016-04-14,5234,3.46000003814697,1362,78,1705
2026352035,2016-05-11,8580,5.32000017166138,569,330,1698
5553957443,2016-05-04,4249,2.76999998092651,651,224,1698
2320127002,2016-04-14,3973,2.6800000667572,1249,191,1696
5553957443,2016-05-11,4926,3.22000002861023,628,195,1693
2026352035,2016-04-29,7604,4.71000003814697,492,352,1692
4558609924,2016-05-01,3428,2.26999998092651,1121,190,1692
2026352035,2016-05-02,7018,4.34999990463257,716,355,1690
8792009665,2016-04-17,0,0.0,1440,0,1688
8792009665,2016-04-18,0,0.0,1440,0,1688
8792009665,2016-04-19,0,0.0,1440,0,1688
8792009665,2016-04-25,0,0.0,1440,0,1688
8792009665,2016-05-05,0,0.0,1440,0,1688
8792009665,2016-05-06,0,0.0,1440,0,1688
8792009665,2016-05-07,0,0.0,1440,0,1688
8792009665,2016-05-08,0,0.0,1440,0,1688
8792009665,2016-05-09,0,0.0,1440,0,1688
5553957443,2016-04-18,3727,2.4300000667572,622,206,1683
1624580081,2016-04-27,8367,5.44000005722046,1233,207,1670
3372868164,2016-04-22,3843,2.61999988555908,1234,206,1669
3977333714,2016-05-09,14687,10.0799999237061,1159,281,1667
2026352035,2016-04-20,7222,4.48000001907349,623,327,1667
5577150313,2016-05-11,4038,3.03999996185303,257,123,1665
6962181067,2016-05-08,4188,2.76999998092651,709,165,1659
2026352035,2016-05-04,6564,4.07000017166138,530,345,1658
1844505072,2016-04-16,3414,2.25999999046326,1293,147,1657
1624580081,2016-04-30,6474,4.30000019073486,1182,258,1655
3977333714,2016-04-24,14112,10.0,660,254,1655
2320127002,2016-04-25,3588,2.42000007629395,1280,160,1654
8253242879,2016-04-22,2824,1.87000000476837,1320,120,1651
3977333714,2016-04-30,13238,9.19999980926514,687,289,1650
2026352035,2016-04-28,6375,3.95000004768372,626,331,1649
1844505072,2016-04-23,3570,2.35999989509583,1301,139,1645
3977333714,2016-04-19,12414,8.77999973297119,738,307,1638
3977333714,2016-04-23,12058,8.06999969482422,724,344,1638
7086361926,2016-04-16,31,0.00999999977648258,1437,3,1635
3977333714,2016-05-08,13585,9.09000015258789,688,296,1633
2320127002,2016-04-26,3409,2.29999995231628,1293,147,1632
8253242879,2016-04-15,2672,1.76999998092651,1335,105,1632
4319703577,2016-04-18,2276,1.54999995231628,824,68,1632
3977333714,2016-05-10,13072,8.77999973297119,676,312,1630
2320127002,2016-05-09,3090,2.07999992370605,1295,145,1630
7086361926,2016-04-17,0,0.0,1440,0,1629
3977333714,2016-05-04,13559,9.4399995803833,852,252,1628
3977333714,2016-04-16,13459,9.0,663,267,1625
4388161847,2016-05-12,3369,2.58999991416931,825,108,1623
3977333714,2016-05-05,12312,8.57999992370605,680,280,1618
1624580081,2016-04-24,6076,3.95000004768372,1221,219,1617
2320127002,2016-05-02,3634,2.45000004768372,1306,134,1613
2320127002,2016-04-21,3404,2.28999996185303,1302,138,1610
2026352035,2016-05-03,5992,3.72000002861023,981,304,1604
1624580081,2016-04-18,10536,7.40999984741211,1214,226,1604
2026352035,2016-04-26,5933,3.6800000667572,1018,288,1595
2026352035,2016-04-27,6088,3.76999998092651,586,286,1593
4319703577,2016-05-01,1251,0.839999973773956,836,67,1593
3977333714,2016-05-06,11677,8.27999973297119,676,252,1590
1844505072,2016-05-05,2237,1.48000001907349,1320,120,1589
3977333714,2016-04-18,11663,7.80000019073486,605,313,1584
8253242879,2016-04-28,2718,1.79999995231628,1393,47,1580
2026352035,2016-04-25,6017,3.73000001907349,821,260,1576
3977333714,2016-05-07,11550,7.73000001907349,703,294,1574
1624580081,2016-04-14,9107,5.92000007629395,1204,236,1572
5553957443,2016-04-20,2713,1.76999998092651,598,148,1570
3977333714,2016-04-25,11177,8.47999954223633,781,192,1570
1624580081,2016-04-23,8538,5.55000019073486,1213,227,1562
7007744171,2016-05-04,0,0.0,1440,0,1557
2026352035,2016-05-08,5528,3.45000004768372,610,258,1555
3977333714,2016-04-20,11658,7.82999992370605,845,264,1554
1624580081,2016-04-17,6175,4.05999994277954,1276,164,1554
3977333714,2016-04-26,11388,7.61999988555908,797,272,1551
1844505072,2016-05-04,2080,1.37000000476837,1353,87,1549
3977333714,2016-04-29,10645,7.75,744,218,1545
1844505072,2016-05-01,2573,1.70000004768372,585,82,1541
3977333714,2016-04-17,10415,6.96999979019165,600,274,1529
2873212765,2016-04-17,2524,1.70000004768372,1272,168,1529
4057192912,2016-04-15,3984,2.95000004768372,873,97,1527
2026352035,2016-04-13,4993,3.09999990463257,663,238,1521
5553957443,2016-04-24,1807,1.17999994754791,582,104,1507
2026352035,2016-04-30,4729,2.9300000667572,594,233,1506
8053475328,2016-05-12,4998,3.91000008583069,839,71,1505
3977333714,2016-05-01,10414,7.07000017166138,691,205,1501
1624580081,2016-05-02,7155,4.92999982833862,1261,179,1497
6117666160,2016-04-25,0,0.0,1440,0,1497
6117666160,2016-04-12,0,0.0,1440,0,1496
6117666160,2016-04-13,0,0.0,1440,0,1496
6117666160,2016-04-14,0,0.0,1440,0,1496
6117666160,2016-05-03,0,0.0,1440,0,1496
3977333714,2016-04-13,10035,6.71000003814697,754,230,1495
5553957443,2016-05-07,1868,1.22000002861023,902,96,1494
1624580081,2016-04-25,6497,4.21999979019165,1238,202,1492
2026352035,2016-05-07,4193,2.59999990463257,665,229,1491
2320127002,2016-04-27,1715,1.1599999666214,1358,82,1481
3977333714,2016-04-22,8911,5.96000003814697,731,233,1481
1624580081,2016-05-07,2104,1.37000000476837,1258,182,1474
2320127002,2016-04-28,1532,1.02999997138977,1364,76,1473
1624580081,2016-04-22,4026,2.61999988555908,1241,199,1470
3977333714,2016-04-15,9010,6.05999994277954,644,240,1468
1624580081,2016-04-21,6349,4.13000011444092,1254,186,1467
6962181067,2016-04-14,1551,1.02999997138977,862,86,1466
4319703577,2016-04-17,29,0.0199999995529652,1363,3,1464
1624580081,2016-04-16,5370,3.49000000953674,1264,176,1463
5553957443,2016-04-30,1202,0.779999971389771,506,84,1463
2026352035,2016-04-12,4414,2.74000000953674,706,192,1459
4558609924,2016-05-12,6307,4.17000007629395,736,247,1452
3977333714,2016-04-12,8856,5.98000001907349,777,194,1450
2026352035,2016-05-01,3609,2.27999997138977,716,191,1447
1624580081,2016-04-20,4974,3.23000001907349,1289,151,1446
2026352035,2016-04-15,3821,2.36999988555908,687,188,1444
1624580081,2016-04-19,2916,1.89999997615814,1299,141,1435
3977333714,2016-04-14,7641,5.1100001335144,801,242,1433
1624580081,2016-04-12,8163,5.30999994277954,1294,146,1432
2026352035,2016-04-14,3335,2.0699999332428,653,197,1431
2873212765,2016-05-12,7566,5.1100001335144,720,268,1431
1624580081,2016-05-08,3427,2.23000001907349,1288,152,1427
2320127002,2016-05-04,1201,0.810000002384186,1388,52,1426
2026352035,2016-04-18,3325,2.05999994277954,1062,182,1419
1624580081,2016-04-13,7007,4.55000019073486,1292,148,1411
2320127002,2016-04-29,924,0.620000004768372,1395,45,1410
3977333714,2016-04-28,7114,4.88000011444092,804,213,1407
1624580081,2016-04-29,2390,1.54999995231628,1290,150,1404
2320127002,2016-05-01,772,0.519999980926514,1400,40,1403
1624580081,2016-04-26,2826,1.8400000333786,1300,140,1402
2026352035,2016-04-24,3490,2.16000008583069,704,164,1401
1624580081,2016-04-28,2759,1.78999996185303,1320,120,1401
2026352035,2016-04-22,2915,1.80999994277954,712,162,1399
3977333714,2016-04-21,6093,4.07999992370605,712,242,1397
5553957443,2016-04-17,655,0.430000007152557,943,46,1397
1624580081,2016-05-10,2969,1.92999994754791,1301,139,1393
1927972279,2016-05-12,0,0.0,966,0,1383
3977333714,2016-04-27,7193,5.03999996185303,714,186,1377
2026352035,2016-04-16,2547,1.58000004291534,728,150,1373
1624580081,2016-05-05,2470,1.61000001430511,1323,117,1370
2026352035,2016-04-21,2467,1.52999997138977,749,153,1370
1624580081,2016-05-04,2193,1.42999994754791,1322,118,1368
1844505072,2016-04-19,197,0.129999995231628,1430,10,1366
2026352035,2016-05-12,8891,5.51000022888184,330,343,1364
1624580081,2016-05-11,3134,2.03999996185303,1328,112,1359
2026352035,2016-04-19,2424,1.5,785,141,1356
1844505072,2016-05-06,44,0.0299999993294477,1438,2,1351
1844505072,2016-04-20,8,0.00999999977648258,1439,1,1349
1844505072,2016-04-27,4,0.0,1439,1,1348
1844505072,2016-05-02,0,0.0,1440,0,1348
1844505072,2016-04-24,0,0.0,1440,0,1347
1844505072,2016-04-25,0,0.0,1440,0,1347
1844505072,2016-04-26,0,0.0,1440,0,1347
1844505072,2016-05-07,0,0.0,1440,0,1347
1844505072,2016-05-08,0,0.0,1440,0,1347
1844505072,2016-05-09,0,0.0,1440,0,1347
1844505072,2016-05-10,0,0.0,1440,0,1347
1844505072,2016-05-11,0,0.0,1440,0,1347
1624580081,2016-04-15,1510,0.980000019073486,1344,96,1344
1624580081,2016-05-06,1727,1.12000000476837,1338,102,1341
1624580081,2016-05-03,2100,1.37000000476837,1344,96,1334
1624580081,2016-05-09,1732,1.12999999523163,1349,91,1328
1644430081,2016-05-11,1329,0.970000028610229,713,49,1276
6117666160,2016-05-09,4477,3.38000011444092,125,197,1248
4702921684,2016-05-12,2752,2.23000001907349,241,68,1240
3372868164,2016-05-01,3077,2.09999990463257,842,172,1237
2026352035,2016-04-17,838,0.519999980926514,1053,60,1214
4445114986,2016-05-12,768,0.519999980926514,380,58,1212
7086361926,2016-05-12,3789,2.55999994277954,343,67,1199
2026352035,2016-05-10,254,0.159999996423721,1002,17,1141
2320127002,2016-05-12,2661,1.78999996185303,830,128,1125
4020332650,2016-05-12,590,0.419999986886978,721,21,1120
6775888955,2016-05-07,1967,1.4099999666214,551,56,1032
1624580081,2016-05-12,2971,1.92999994754791,890,107,1002
6962181067,2016-05-12,3587,2.36999988555908,127,113,928
5553957443,2016-05-12,3121,2.03999996185303,222,62,741
1844505072,2016-05-12,0,0.0,711,0,665
2347167796,2016-04-29,42,0.0299999993294477,2,4,403
4319703577,2016-05-12,17,0.00999999977648258,0,2,257
7007744171,2016-05-07,0,0.0,111,0,120
8792009665,2016-05-10,0,0.0,48,0,57
3977333714,2016-05-11,746,0.5,13,13,52
1503960366,2016-05-12,0,0.0,"",0,0
6290855005,2016-05-10,0,0.0,1440,0,0
8253242879,2016-04-30,0,0.0,1440,0,0
8583815059,2016-05-12,0,0.0,1440,0,0
1503960366,2016-04-27,"",12.210000038147,1108,332,2159
8877689391,2016-05-12,8064,6.11999988555908,770,161,1849
8877689391,2016-04-29,9733,7.3899998664856,1207,233,2698
